Vācu prese ziņo par iespējamo Fetela pievienošanos ‘Aston Martin’ komandai,https://f1.lv/2020/07/15/vacu-prese-zinu-par-iespejamo-fetela-pievienosanos-aston-martin-komandai/
Hamiltons uzvar 14 gadus pēc kārtas – Štīrijas GP statistika,https://f1.lv/2020/07/13/hamiltons-uzvar-14-gadus-pec-kartas-stirijas-gp-statistika/
Ziņas īsumā – Botasa līgums- Protests pret ‘Racing Point’- ‘Renault’ problēmas,https://f1.lv/2020/07/13/zinas-isuma-botasa-ligums-protests-pret-racing-point-renault-problemas/
F2 un F3 sacīkstes tiek apturētas- Diksons turpina uguņot IndyCar,https://f1.lv/2020/07/12/f2-un-f3-sacikstes-tiek-apturetas-diksons-turpina-ugunot-indycar/
Leklērs uzņemas atbildību par sadursmi ar Fetelu,https://f1.lv/2020/07/12/leklers-uznemas-atbildibu-par-sadursmi-ar-fetelu/
‘Mercedes’ ar Hamiltonu priekšgalā izcīna dubultuzvaru Štīrijā,https://f1.lv/2020/07/12/mercedes-ar-hamiltonu-prieksgala-izcina-dubultuzvaru-stirija/
Ciemos pie Valtera – Štīrijas GP skatīšanās ar Aldi un Valdi,https://f1.lv/2020/07/12/ciemos-pie-valtera-stirijas-gp-skatisanas-ar-aldi-un-valdi/
Hamiltons pieveic Verstapenu ļoti slapjos apstākļos Štīrijas GP kvalifikācijā,https://f1.lv/2020/07/11/hamiltons-pieveic-verstapenu-loti-slapjos-apstaklos-stirijas-gp-kvalifikacija/
Spēcīgs lietus iejaucas Formula 1 nedēļas nogales norisē,https://f1.lv/2020/07/11/specigs-lietus-iejaucas-formula-1-nedelas-nogales-norise/
Ziņas īsumā: Norisa sods- Hamiltona vilšanās- Fetels un ‘Red Bull’- Rikjardo...,https://f1.lv/2020/07/10/zinas-isuma-norisa-sods-hamiltona-vilsanas-fetels-un-red-bull-rikjardo-trauma/
Verstapens ātrākais otrajā treniņā,https://f1.lv/2020/07/10/verstapens-atrakais-otraja-trenina/
Serhio Peress uzstāda ātrāko laiku Štīrijas GP pirmajos treniņos,https://f1.lv/2020/07/10/serhio-peress-uzstada-atrako-laiku-stirijas-gp-pirmajos-treninos/
Par Fetela iespējamo atgriešanos ‘Red Bull’ komandā lems pats Matešitcs,https://f1.lv/2020/07/10/par-fetela-iespejamo-atgriesanos-red-bull-komanda-lems-pats-matesitcs/
F1 gaidāmais kalendārs: Mudžello sekos Moncai- Sočos atgriežas skatītāji,https://f1.lv/2020/07/10/f1-kalendars-mudzello-sekos-moncai-socos-atgriezas-skatitaji/
Mājasdarbu pārbaude Štīrijā,https://f1.lv/2020/07/09/majasdarbu-parbaude-stirija/
Leklērs un Botass starp sacīkstēm devušies mājup- ‘Ferrari’ un ‘Mercedes’ brīdinājumi,https://f1.lv/2020/07/09/leklers-un-botass-starp-sacikstem-devusies-majup-ferrari-un-mercedes-bridinajumi/
OFICIĀLI: Fernando Alonso ar ‘Renault’ atgriežas F1,https://f1.lv/2020/07/08/oficiali-fernando-alonso-ar-renault-atgriezas-f1/
‘Sky Sports’: Alonso nākamgad atgriezīsies F1 ar “Renault”,https://f1.lv/2020/07/07/sky-sports-alonso-nakamgad-atgriezisies-f1-ar-renault/
‘Ferrari’ mašīnām būs uzlabojumi jau šonedēļ,https://f1.lv/2020/07/07/ferrari-masinam-bus-uzlabojumi-jau-sonedel/
Botass pirmoreiz vadībā no starta līdz finišam – Austrijas GP statistika,https://f1.lv/2020/07/05/botass-pirmoreiz-vadiba-no-starta-lidz-finisam-austrijas-gp-statistika/
Albons zaudējis panākumu- Noriss necerējis uz pjedestālu- Leklērs jūtas kā uzvarētājs,https://f1.lv/2020/07/05/albons-zaudejis-panakumu-noriss-necerejis-uz-pjedestalu-leklers-jutas-ka-uzvaretajs/
Notikumiem bagātās sacīkstēs Austrijā uzvar Botass- Hamiltonam atkal sadursme ar Albonu,https://f1.lv/2020/07/05/notikumiem-bagatas-sacikstes-austrija-uzvar-botass-hamiltonam-atkal-sadursme-ar-albonu/
Hamiltons tomēr saņem starta pozīciju sodu,https://f1.lv/2020/07/05/hamiltons-tomer-sanem-starta-poziciju-sodu/
Šūmahers kļūdas un paliek bez uzvaras F2 sezonas atklāšanā Austrijā,https://f1.lv/2020/07/05/sumahers-kludas-un-paliek-bez-uzvaras-f2-sezonas-atklasana-austrija/
‘Ferrari’- sekundi aplī lēnāki kā pērn- skaidro neveiksmes iemeslus,https://f1.lv/2020/07/04/ferrari-sekundi-apli-lenaki-ka-pern-skaidro-neveiksmes-iemeslus/
Hamiltons saņem sodu- bet saglabā 2.starta pozīciju [Papildināts],https://f1.lv/2020/07/04/hamiltons-varetu-sanemt-sodu-par-diviem-parkapumiem-kvalifikacija/
Valteri Botass izcīna pirmo starta vietu Austrijā- Sebastians Fetels nespēj iekļūt...,https://f1.lv/2020/07/04/valteri-botass-izcina-pirmo-starta-vietu-austrija-sebastians-fetels-nespej-ieklut-desmitnieka/
‘Mercedes’ joprojām priekšā arī 3.treniņā- Peress ātrāks par ‘Ferrari’ pilotiem,https://f1.lv/2020/07/04/mercedes-joprojam-prieksa-ari-3-trenina-peress-atraks-par-ferrari-pilotiem/
‘Red Bull’ protests pret ‘Mercedes’ noraidīts- ‘Racing Point’ nav noraizējušies,https://f1.lv/2020/07/04/red-bull-protests-pret-mercedes-noraidits-racing-point-nav-noraizejusies/
‘Mercedes’ noslēdz piektdienas treniņus kā līderi- Peress pieveic ‘Red Bull’ un...,https://f1.lv/2020/07/03/mercedes-nosledz-piektdienas-treninus-ka-lideri-peress-pieveic-red-bull-un-ferrari/
Hamiltons atklāj F1 sezonu ar ātrāko apli treniņbraucienos Austrijā,https://f1.lv/2020/07/03/hamiltons-atklaj-f1-sezonu-ar-atrako-apli-treninbraucienos-austrija/
Austrālijas vietā Austrija – F1 pirmoreiz pusgadsimta laikā atklās sezonu Eiropā,https://f1.lv/2020/07/02/australijas-vieta-austrija-f1-pirmoreiz-pusgadsimta-laika-atklas-sezonu-eiropa/
Igauņi piepilda sapni – WRC sezona atsāksies ar Rally Estonia,https://f1.lv/2020/07/02/igauni-piepilda-sapni-wrc-sezona-atsaksies-ar-rally-estonia/
Ko gaidīt no Formula 2 sezonas?,https://f1.lv/2020/07/02/ko-gaidit-no-formula-2-sezonas/
Alonso parāda savu Indy500 mašīnas krāsojumu,https://f1.lv/2020/07/02/alonso-parada-savu-indy500-masinas-krasojumu/
Biķernieku Motorsporta Festivāls jau šajā nedēļas nogalē,https://f1.lv/2020/06/30/bikernieku-motorsporta-festivals-jau-saja-nedelas-nogale/
5 dīvainākie Formula 1 sezonas atklāšanas posmi,https://f1.lv/2020/06/30/5-divainakie-formula-1-sezonas-atklasanas-posmi/
Igauņu talants Vips šogad startēs vēl vienā čempionātā,https://f1.lv/2020/06/29/igaunu-talants-vips-sogad-startes-vel-viena-cempionata/
‘Mercedes’ maina krāsojumu uz melnu un iesaistās anti-rasisma kampaņā,https://f1.lv/2020/06/29/mercedes-maina-krasojumu-uz-melnu-un-iesaistas-anti-rasisma-kampana/
MotoGP vicečempions Doviciozo motokrosa avārijā lauzis atslēgas kaulu,https://f1.lv/2020/06/28/motogp-vicecempions-doviciozo-motokrosa-avarija-lauzis-atslegas-kaulu/
‘Williams’ parāda savu jauno 2020.gada krāsojumu,https://f1.lv/2020/06/26/williams-parada-savu-jauno-2020-gada-krasojumu/
Roberts Vītols startēs Lielbritānijas Super 1600 rallijkrosa čempionātā,https://f1.lv/2020/06/26/roberts-vitols-startes-lielbritanijas-super-1600-rallijkrosa-cempionata/
WRC rīkotājs un ERC Rally Liepāja organizators aptur sarunas par WRC...,https://f1.lv/2020/06/26/wrc-rikotajs-un-erc-rally-liepaja-organizators-aptur-sarunas-par-wrc-posmu/
Rīgā notiks dubultposms pasaules rallijkrosa čempionātā,https://f1.lv/2020/06/24/riga-notiks-dubultposms-pasaules-rallijkrosa-cempionata/
‘AWS’ nodrošinās F1 ar jauniem grafikiem jau šosezon,https://f1.lv/2020/06/23/aws-nodrosinas-f1-ar-jauniem-grafikiem-jau-sosezon/
Vācu kanāls ‘RTL’ pārtrauks Formula 1 tiešraides translācijas,https://f1.lv/2020/06/21/vacu-kanals-rtl-partrauks-formula-1-tiesraides-translacijas/
World RX kalendārā atgriežas Somija- sezonā būs astoņi posmi,https://f1.lv/2020/06/20/world-rx-kalendara-atgriezas-somija-sezona-bus-astoni-posmi/
Alekss Zanardi pēc ceļa negadījuma ir ‘ļoti smagā stāvoklī’,https://f1.lv/2020/06/20/alekss-zanardi-pec-cela-negadijuma-ir-loti-smaga-stavokli/
F1 īsumā: McLaren un Haas pārdošana- Ferrari testējas Maranello- Mercedes uzlabojumi,https://f1.lv/2020/06/19/f1-isuma-mclaren-un-haas-pardosana-ferrari-testejas-maranello-mercedes-uzlabojumi/
Pirms 60 gadiem – traģiskākās F1 sacīkstes vēsturē,https://f1.lv/2020/06/19/pirms-60-gadiem-tragiskakas-f1-sacikstes-vesture/
Saeimas apakškomisija atbalsta finansējuma piešķiršanu WRC posmam Latvijā,https://f1.lv/2020/06/18/saeimas-apakskomisija-atbalsta-finansejuma-pieskirsanu-wrc-posmam-latvija/
Latvijas rallijkrosa čempionātā šogad būs četri posmi,https://f1.lv/2020/06/18/latvijas-rallijkrosa-cempionata-sogad-bus-cetri-posmi/
Formula E noslēgs sezonu ar 6 sacīkstēm 9 dienās,https://f1.lv/2020/06/17/formula-e-noslegs-sezonu-ar-6-sacikstem-9-dienas/
Motorsporta pasaules jaunākā inovācija – biometriskā apakšveļa,https://f1.lv/2020/06/16/motorsporta-pasaules-jaunaka-inovacija-biometriska-apaksvela/
‘Rally Liepāja’ varētu tikt iekļauts WRC kalendārā,https://f1.lv/2020/06/16/rally-liepaja-varetu-tikt-ieklauts-wrc-kalendara/
Rasels – F1 virtuālais čempions- F1 braucējiem neveiksmes virtuālajā Lemānā,https://f1.lv/2020/06/15/rasels-f1-virtualais-cempions-f1-braucejiem-neveiksmes-virtualaja-lemana/
F1 atcels pjedestāla ceremonijas- Imola iegūst licenci- sacīkstes Bahreinas ‘ovālā’,https://f1.lv/2020/06/13/f1-atcels-pjedestala-ceremonijas-imola-iegust-licenci-sacikstes-bahreinas-ovala/
Atcelti Azerbaidžānas- Singapūras un Japānas Grand Prix,https://f1.lv/2020/06/12/atcelti-azerbaidzanas-singapuras-un-japanas-grand-prix/
Virtuālās Lemānas sacīkstes šonedēļ pulcēs Alonso- Verstapenu- Batonu- Leklēru- Norisu un...,https://f1.lv/2020/06/11/virtualas-lemanas-sacikstes-sonedel-pulces-alonso-verstapenu-batonu-lekleru-norisu-un-citas-zvaigznes/
‘Mercedes’ pirms sezonas sākuma uzsāk 2 dienu testus Silverstonā,https://f1.lv/2020/06/09/mercedes-uzsak-2-dienu-testus-silverstona-pirms-sezonas-sakuma/
Verleins pamet ‘Mahindra’ Formula E komandu,https://f1.lv/2020/06/08/verleins-pamet-mahindra-formula-e-komandu/
Virtuālās sacīkstes – Rasels uzvar un tuvojas F1 titulam- Vandūrns triumfē...,https://f1.lv/2020/06/08/virtualas-sacikstes-rasels-uzvar-un-tuvojas-f1-titulam-vandurns-triumfe-formula-e-cempionata/
Diksons atklāj IndyCar sezonu ar uzvaru Teksasā,https://f1.lv/2020/06/07/diksons-atklaj-indycar-sezonu-ar-uzvaru-teksasa/
5 intrigas- kurām sekot šī gada IndyCar sezonā,https://f1.lv/2020/06/06/5-intrigas-kuram-sekot-si-gada-indycar-sezona/
Markesa komandas biedrs nākamgad būs Espargaro,https://f1.lv/2020/06/05/markesa-komandas-biedrs-nakamgad-bus-espargaro/
Ziņas īsumā: Soču dubultposms- W Series atcelšana- ‘Mercedes’ testi,https://f1.lv/2020/06/04/zinas-isuma-socu-dubultposms-w-series-atcelsana-mercedes-testi/
Prezentēts pirmais TCR klases sacīkšu automobilis Latvijā,https://f1.lv/2020/06/04/prezentets-pirmais-tcr-klases-saciksu-automobilis-latvija/
F1 atsakās no sprinta sacīkšu idejas- plāno ielaist skatītājus rudenī un...,https://f1.lv/2020/06/03/f1-atsakas-no-sprinta-saciksu-idejas-plano-ielaist-skatitajus-rudeni-un-neapstasies-virusa-gadijuma/
Formula 1 apstiprina pirmos astoņus posmus un to nosaukumus,https://f1.lv/2020/06/02/formula-1-apstiprina-pirmos-astonus-posmus-un-to-nosaukumus/
‘Mercedes’ aptur konkurentu ieceri apgrieztajai starta kārtībai,https://f1.lv/2020/05/31/mercedes-aptur-konkurentu-ieceri-apgrieztajai-starta-kartibai/
Pirms 10 gadiem – diena- kad ‘Red Bull’ spārni tika aplauzti,https://f1.lv/2020/05/30/pirms-10-gadiem-diena-kad-red-bull-sparni-tika-aplauzti/
Uzsākta ‘Williams’ F1 komandas pārdošana- komanda atkal mainīs krāsojumu,https://f1.lv/2020/05/29/uzsakta-williams-f1-komandas-pardosana/
Vācu prese: Volfs aizies no ‘Mercedes’ vadītāja amata vēl pirms sacīkšu...,https://f1.lv/2020/05/28/vacu-prese-volfs-aizies-no-mercedes-vaditaja-amata-vel-pirms-saciksu-atsaksanas/
F1 sacīkstes Nīderlandē šogad tomēr nenotiks,https://f1.lv/2020/05/28/f1-sacikstes-niderlande-sogad-tomer-nenotiks/
FIA apstiprina vairākas izmaiņas F1 noteikumos,https://f1.lv/2020/05/27/fia-apstiprina-vairakas-izmainas-f1-noteikumos/
Miks Šūmahers varētu debitēt F1 jau šogad- uzskata Haidfelds,https://f1.lv/2020/05/27/miks-sumahers-varetu-debitet-f1-jau-sogad-uzskata-haidfelds/
Neveiklais joks- kas sadragājis karjeru,https://f1.lv/2020/05/26/neveiklais-joks-kas-sadragajis-karjeru/
‘Aston Martin’ jauns vadītājs- ‘Audi’ atbrīvo Abtu- ‘McLaren’ atlaiž 1200 darbiniekus,https://f1.lv/2020/05/26/aston-martin-jauns-vaditajs-audi-atbrivo-abtu-mclaren-atlaiz-1200-darbiniekus/
Virtuālās sacīkstes – Rasels uzvar Monako- Alonso labākais Indianapolisā- krāpšanās Formula...,https://f1.lv/2020/05/24/virtualas-sacikstes-rasels-uzvar-monako-alonso-labakais-indianapolisa-krapsanas-formula-e-saciktes/
Rallijkrosa posms Francijā šogad nenotiks,https://f1.lv/2020/05/21/rallijkrosa-posms-francija-sogad-nenotiks/
Pirms 70 gadiem – skatītāju novēršanās izglābj Fanhio no smaga negadījuma,https://f1.lv/2020/05/21/pirms-70-gadiem-skatitaju-noversanas-izglabj-fanhio-no-smaga-negadijuma/
Pilotu tirgus: Britore par Saincu- Eklstons par Fetelu- Alonso par saviem...,https://f1.lv/2020/05/20/pilotu-tirgus-britore-par-saincu-eklstons-par-fetelu-alonso-par-saviem-planiem/
Daži saslimšanas gadījumi neapturēs F1 atgriešanos,https://f1.lv/2020/05/20/dazi-saslimsanas-gadijumi-neaptures-f1-atgriesanos/
Ziņas īsumā – Alonso atgriešanās- Fetela titula izredzes- Leklēra problēmas ar...,https://f1.lv/2020/05/18/zinas-isuma-alonso-atgriesanas-fetela-titula-izredzes-leklera-problemas-ar-draudzeni/
10 izcili braucēji- kuri ar ‘Ferrari’ nekļuva par čempioniem,https://f1.lv/2020/05/16/10-izcili-brauceji-kuri-ar-ferrari-nekluva-par-cempioniem/
Silverstona vienojas par Grand Prix rīkošanu- Beļģija atļauj sacīksti Spa,https://f1.lv/2020/05/15/silverstona-vienojas-par-grand-prix-rikosanu-belgija-atlauj-saciksti-spa/
Lielās pilotu tirgus rokādes ieguvēji un zaudētāji,https://f1.lv/2020/05/15/lielas-pilotu-tirgus-rokades-ieguveji-un-zaudetaji/
‘Ferrari’ plāno pievērsties IndyCar čempionātam,https://f1.lv/2020/05/14/ferrari-plano-pieversties-indycar-cempionatam/
‘Ferrari’ apstiprina- ka Saincs kļūs par Fetela aizvietotāju,https://f1.lv/2020/05/14/ferrari-apstiprina-ka-saincs-klus-par-fetela-aizvietotaju/
Oficiāli: Rikjardo nākamgad brauks ‘McLaren’ komandā,https://f1.lv/2020/05/14/oficiali-rikjardo-nakamgad-brauks-mclaren-komanda/
Iespējamās pilotu maiņas šonedēļ: Saincs uz Ferrari- Rikardo uz McLaren!,https://f1.lv/2020/05/14/iespejamas-pilotu-mainas-sonedel-saincs-uz-ferrari-rikardo-uz-mclaren/
F1 visu laiku pirmais Grand Prix pirms 70 gadiem ar mūsdienu...,https://f1.lv/2020/05/13/f1-visu-laiku-pirmais-grand-prix-pirms-70-gadiem-ar-musdienu-grafikam/
F1 Kalendārs: Austrija gatava- Lielbritānija kaulējas- 2021.gadā būšot 22 posmi,https://f1.lv/2020/05/13/f1-kalendars-austrija-gatava-lielbritanija-kaulejas-2021-gada-busot-22-posmi/
F1LV Podkāsta diskusija: Fetels pametīs Ferrari – kurš nāks viņa vietā?,https://f1.lv/2020/05/12/f1lv-podkasta-diskusija-fetels-pametis-ferrari-kurs-naks-vina-vieta/
Kurš ieņems Fetela vietu ‘Ferrari’ komandā?,https://f1.lv/2020/05/12/kurs-ienems-fetela-vietu-ferrari-komanda/
‘Ferrari’ pateicas Fetelam par kopā pavadīto laiku,https://f1.lv/2020/05/12/ferrari-pateicas-fetelam-par-kopa-pavadito-laiku/
Sebastians Fetels sezonas beigās pametīs ‘Ferrari’ komandu,https://f1.lv/2020/05/12/sebastians-fetels-sezonas-beigas-pametis-ferrari-komandu/
Lielbritānijas valdības ierobežojumi var atlikt F1 dzīves atsākšanos- kavēsies arī Konkordijas...,https://f1.lv/2020/05/09/lielbritanijas-valdibas-ierobezojumi-var-atlikt-f1-dzives-atsaksanos-kavesies-ari-konkordijas-ligums/
Ziņas īsumā – Formula 1 ienākumu kritums- jaunās komandas piesaiste- ‘Racing...,https://f1.lv/2020/05/07/zinas-isuma-formula-1-ienakumu-kritums-jaunas-komandas-piesaiste-racing-point-domasana/
Alens Prosts: Pastāv liela iespējamība nenoturēt Rikardo ‘Renault’ komandā,https://f1.lv/2020/05/06/alens-prosts-pastav-liela-iespejamiba-nenoturet-rikardo-renault-komanda/
Trases cīnās par iespēju iekļūt ‘korona sezonas’ kalendārā,https://f1.lv/2020/05/06/trases-cinas-par-iespeju-ieklut-korona-sezonas-kalendara/
Virtuālo sacīkšu kultūra un IndyCar cūcība,https://f1.lv/2020/05/04/virtualo-saciksu-kultura-un-indycar-cuciba/
Virtuālās sacīkstes – Albons pieveic Leklēru- Indycar skandāls- Nitišs piedalās World...,https://f1.lv/2020/05/03/virtualas-sacikstes-albons-pieveic-lekleru-indycar-skandals-nitiss-piedalas-world-rx-sacensibas/
Pirms 20 gadiem – diena- kad gandrīz zaudējām Kulthārdu,https://f1.lv/2020/05/02/pirms-20-gadiem-diena-kad-gandriz-zaudejam-kulthardu/
NASCAR kļūs par ‘restarta pionieriem’- atsākot sezonu 17. maijā,https://f1.lv/2020/05/02/nascar-klus-par-restarta-pionieriem-atsakot-sezonu-17-maija/
Īsi pirms Sennas traģēdijas: gatavojoties 1994.gada Sanmarīno GP startam,https://f1.lv/2020/05/01/isi-pirms-sennas-tragedijas-gatavojoties-1994-gada-sanmarino-gp-startam/
MotoGP pilnībā atceļ trīs Eiropas posmus,https://f1.lv/2020/04/29/motogp-pilniba-atcel-tris-eiropas-posmus/
Cik pelna F1 piloti?,https://f1.lv/2020/04/28/cik-pelna-f1-piloti/
‘Audi’ pamet DTM čempionātu- paliek vienīgi ‘BMW’,https://f1.lv/2020/04/27/audi-pamet-dtm-cempionatu-paliek-vienigi-bmw/
Francijas GP atcelts- Silverstonā bez skatītājiem- F1 kalendāra uzmetums gatavs,https://f1.lv/2020/04/27/atcelts-ari-francijas-gp-silverstona-varetu-notikt-divi-posmi-bez-skatitajiem/
Virtuālās sacīkstes – Noriss uzvar IndyCar- NASCAR fotofinišs- cīņu uzsāk arī...,https://f1.lv/2020/04/27/virtualas-sacikstes-noriss-uzvar-indycar-nascar-fotofiniss-cinu-uzsak-ari-formula-e/
Čempionāts- kas neizmainīja motorsportu – A1 Grand Prix,https://f1.lv/2020/04/26/cempionats-kas-neizmainija-motorsportu-a1-grand-prix/
‘Ferrari’ un ‘McLaren’ asas diskusijas par budžeta griestu ieviešanu,https://f1.lv/2020/04/24/ferrari-un-mclaren-asas-diskusijas-par-budzeta-griestu-ieviesanu/
Kāpēc eSports kļūst arvien populārāks?,https://f1.lv/2020/04/24/kapec-esports-klust-arvien-popularaks/
Ziņas īsumā – F1 komandu avanss- ‘McLaren’ līgumi- sacīkstes Imolā,https://f1.lv/2020/04/23/zinas-isuma-f1-komandu-avanss-mclaren-ligumi-sacikstes-imola/
Filmas “A Life of Speed: The Juan Manuel Fangio Story” treileris,https://f1.lv/2020/04/23/filmas-a-life-of-speed-the-juan-manuel-fangio-story-treileris/
Kā mainīsies F1 čempionāts ar samazinātu sacīkšu skaitu?,https://f1.lv/2020/04/22/ka-mainisies-f1-cempionats-ar-samazinatu-saciksu-skaitu/
Sebastians Fetels: Arī ar 10 posmiem kalendārā mums būs pilnvērtīgs F1...,https://f1.lv/2020/04/22/sebastians-fetels-ari-ar-10-posmiem-kalendara-mums-bus-pilnvertigs-f1-cempions/
Elektriskais rallijkross pārcelts vēl vienu gadu vēlāk,https://f1.lv/2020/04/21/elektriskais-rallijkross-parcelts-vel-vienu-gadu-velak/
Leklerks atkal uzvar virtuālajās F1 sacīkstēs- rallijkrosā Adielsons pieveic Hansenus,https://f1.lv/2020/04/19/leklerks-atkal-uzvar-virtualajas-f1-sacikstes-rallijkrosa-adielsons-pieveic-hansenus/
Stikla lodīšu sacensības – Marbula E Race 1 “Paris”,https://f1.lv/2020/04/19/stikla-lodisu-sacensibas-marbula-e-race-1-paris/
Volfs pērk ‘Aston Martin’ akcijas- Saincs piedalīsies virtuāla GP- ‘McLaren’ vadītājs...,https://f1.lv/2020/04/18/volfs-perk-aston-martin-akcijas-saincs-piedalisies-virtuala-gp-mclaren-vaditajs-cer-uz-dubultposmiem/
NASCAR vienīgais melnādainais braucējs komentē Larsona rasistiskos izteikumus,https://f1.lv/2020/04/17/nascar-vienigais-melnadainais-braucejs-komente-larsona-rasistiskos-izteikumus/
Bjanki- Batons- Ēriksons… – Daniels Rikjardo atklāj viņaprāt 5 nenovērtētākos F1...,https://f1.lv/2020/04/15/bjanki-batons-eriksons-daniels-rikjardo-atklaj-vinaprat-5-nenovertetakos-f1-braucejus/
Formula 1 čempionāts pēc krīzes varētu kļūt dzīvotspējīgāks,https://f1.lv/2020/04/15/formula-1-cempionats-pec-krizes-varetu-klut-dzivotspejigaks/
NASCAR braucējs iekuļas nepatikšanās par rasistiska vārda lietošanu virtuālajās sacīkstēs,https://f1.lv/2020/04/14/nascar-braucejs-iekulas-nepatiksanas-par-rasistiska-varda-lietosanu-virtualajas-sacikstes/
Pieminot seru Stirlingu Mosu…,https://f1.lv/2020/04/13/pieminot-seru-stirlingu-mosu/
90 gadu vecumā mūžībā devies izcilais autosportists Stirlings Moss,https://f1.lv/2020/04/12/90-gadu-vecuma-muziba-devies-izcilais-autosportists-stirlings-moss/
Neievērojot 2 metru distancēšanos – ciešākie finiši F1 vēsturē,https://f1.lv/2020/04/12/neieverojot-2-metru-distancesanos-ciesakie-finisi-f1-vesture/
Ziņas īsumā – Sezonas sākums- ‘Renault’ algas- Formula 1 labdarība,https://f1.lv/2020/04/11/zinas-isuma-sezonas-sakums-renault-algas-formula-1-labdariba/
F1 īsumā: Algarve un Austrija gatava F1- Gazlī cer uz Franciju-...,https://f1.lv/2020/04/08/f1-isuma-algarve-uz-austrija-gatava-f1-gazli-cer-uz-franciju-zaks-piedava-atcelt-cempionatu/
Oficiāli pārcelts Kanādas Grand Prix- World RX posms Spa trasē un...,https://f1.lv/2020/04/07/oficiali-parcelts-kanadas-grand-prix-world-rx-posms-spa-trase-un-vel-divi-motogp-posmi/
‘Williams’ un ‘Racing Point’ sūta darbiniekus bezalgas atvaļinājumā un samazina braucēju...,https://f1.lv/2020/04/06/williams-un-racing-point-suta-darbiniekus-bezalgas-atvalinajuma-un-samazina-brauceju-algas/
Leklērs uzvar virtuālajā Austrālijas Grand Prix,https://f1.lv/2020/04/06/leklers-uzvar-virtualaja-australijas-grand-prix/
Ko F1 var mācīties no atkopšanās pēc Otrā pasaules kara?,https://f1.lv/2020/04/04/ko-f1-var-macities-no-atkopsanas-pec-otra-pasaules-kara/
MotoGP ziņas īsumā – Janones diskvalifikācija- Francijas GP pārcelšana- Doviciozo pārsteigums,https://f1.lv/2020/04/03/motogp-zinas-isuma-janones-diskvalifikacija-francijas-gp-parcelsana-doviciozo-parsteigums/
Bijušajam F1 bosam Eklstonam 89 gadu vecumā būs dēls,https://f1.lv/2020/04/02/bijusajam-f1-bosam-eklstonam-89-gadu-vecuma-bus-dels/
Mazākas algas ‘McLaren’ komandā- Fetels naudu neuzskata par prioritāti,https://f1.lv/2020/04/02/mazakas-algas-mclaren-komanda-fetels-naudu-neuzskata-par-prioritati/
Leģendārajam Maikam Heilvudam – 80: Varonība- pareģojums un traģēdija,https://f1.lv/2020/04/02/legendarajam-maikam-heilvudam-80-varoniba-paregojums-un-tragedija/
Jānis Baumanis is back!,https://f1.lv/2020/04/02/janis-baumanis-is-back/
F1 veic ārkārtas izmaiņas noteikumos- lai pasargātu čempionātu un komandas,https://f1.lv/2020/03/31/f1-veic-arkartas-izmainas-noteikumos-lai-pasargatu-cempionatu-un-komandas/
COVID-19 konstatēts ‘Mugen’ komandas pilota menedžerim- iespējams Marko Asmeram,https://f1.lv/2020/03/31/covid-19-konstatets-mugen-komandas-pilota-menedzerim-iespejams-marko-asmeram/
Marko vēlējās inficēt visu ‘Red Bull’ komandu ar COVID-19,https://f1.lv/2020/03/30/marko-velejas-inficet-visu-red-bull-komandu-ar-covid-19/
Eklstons iesaldētu tehniskos noteikumus uz trim gadiem- nevis tikai vienu,https://f1.lv/2020/03/29/eklstons-iesaldetu-tehniskos-noteikumus-uz-trim-gadiem-nevis-tikai-vienu/
Fetels esot noraidījis ‘Ferrari’ piedāvājumu pagarināt līgumu,https://f1.lv/2020/03/29/fetels-esot-noraidijis-ferrari-piedavajumu-pagarinat-ligumu/
Kā ‘McLaren’ var izmantot krīzi- lai nonāktu galvgalī?,https://f1.lv/2020/03/29/ka-mclaren-var-izmantot-krizi-lai-nonaktu-galvgali/
5 labākās motorsporta spēles,https://f1.lv/2020/03/28/5-labakas-motorsporta-speles/
F1 apsver sezonas noslēgumu janvārī un īsākas nedēļas nogales,https://f1.lv/2020/03/28/f1-apsver-sezonas-noslegumu-janvari-un-isakas-nedelas-nogales/
Eklstons būtu pilnībā atcēlis 2020. gada sezonu,https://f1.lv/2020/03/27/eklstons-butu-pilniba-atcelis-2020-gada-sezonu/
Indianapolisas 500 jūdžu brauciens risināsies vasarā,https://f1.lv/2020/03/26/indianapolisas-500-judzu-brauciens-risinasies-vasara/
Čempionāti turpina pārplānot savus kalendārus,https://f1.lv/2020/03/26/cempionati-turpina-parplanot-savus-kalendarus/
F1LV Podkāsts #65: Jānis Baumanis par jauno līgumu un sezonas mērķiem,https://f1.lv/2020/03/25/f1lv-podkasts-65-janis-baumanis-par-jauno-ligumu-un-sezonas-merkiem/
Jānis Baumanis jaunajā sezonā startēs ar ‘Audi’ un pārstāvēs “JC Raceteknik”...,https://f1.lv/2020/03/25/janis-baumanis-jaunaja-sezona-startes-ar-audi-un-parstaves-jc-raceteknik-komandu/
Kādas bija auto sacīkstes 20.gadsimta sākumā?,https://f1.lv/2020/03/24/kadas-bija-auto-sacikstes-20-gadsimta-sakuma/
F1 īsumā: gatavošanās Austrijas GP- Fetela nākotne- Norisa ķiveres,https://f1.lv/2020/03/24/f1-isuma-gatavosanas-austrijas-gp-fetela-nakotne-norisa-kiveres/
Oficiāli pārcelts arī Azerbaidžānas Grand Prix,https://f1.lv/2020/03/23/oficiali-parcelts-ari-azerbaidzanas-grand-prix/
‘Renault’ testpilots Žou uzvar virtuālajā Bahreinas GP- Noriss avarē pēdējā līkumā,https://f1.lv/2020/03/23/renault-testpilots-zou-uzvar-virtualaja-bahreinas-gp-noriss-avare-pedeja-likuma/
Hamiltons atsakas no testa pēc kontakta ar koronavīrusa slimniekiem,https://f1.lv/2020/03/21/hamiltons-atsakas-no-testa-pec-kontakta-ar-koronavirusa-slimniekiem/
Sennam – 60: Posms- kas padarīja Airtonu par superzvaigzni,https://f1.lv/2020/03/21/sennam-60-posms-kas-padarija-airtonu-par-superzvaigzni/
Atcelts arī Pasaules rallijkrosa čempionāta otrais posms Portugālē,https://f1.lv/2020/03/20/atcelts-ari-pasaules-rallijkrosa-cempionata-otrais-posms-portugale/
F1 aizvadīs virtuālo čempionātu- pirmais posms jau svētdien ‘Bahreinā’,https://f1.lv/2020/03/20/f1-aizvadis-virtualo-cempionatu-pirmais-posms-jau-svetdien-bahreina/
Nīderlandes GP rīkotājs pieļauj lielu iespēju- ka sacīkstes Zandvortā šogad vispār...,https://f1.lv/2020/03/20/niderlandes-gp-rikotajs-pielauj-lielu-iespeju-ka-sacikstes-zandvorta-sogad-vispar-nenotiks/
Monako Grand Prix netiks pārcelts uz citu datumu,https://f1.lv/2020/03/19/monako-grand-prix-netiks-parcelts-uz-citu-datumu/
Oficiāli: Jaunie F1 noteikumi stāsies spēkā tikai 2022. gadā,https://f1.lv/2020/03/19/oficiali-jaunie-f1-noteikumi-stasies-speka-tikai-2022-gada/
F1 sezonu sāks ne ātrāk kā jūnijā – pārceltas sacensības Nīderlandē-...,https://f1.lv/2020/03/19/f1-sezonu-saks-ne-atrak-ka-junija-parceltas-sacensibas-niderlande-spanija-un-monako/
Pārceļ arī tradīcijām bagātās Lemānas 24 stundu sacīkstes,https://f1.lv/2020/03/18/parcel-ari-tradicijam-bagatas-lemanas-24-stundu-sacikstes/
Formula 1 jaunie noteikumi varētu tikt pārcelti uz 2022. gadu,https://f1.lv/2020/03/18/formula-1-jaunie-noteikumi-varetu-tikt-parcelti-uz-2022-gadu/
Pilota vieta ‘Ferrari’ komandā uz 2021.gadu: Fetels- Rikardo- Džiovinaci,https://f1.lv/2020/03/18/pilota-vieta-ferrari-komanda-uz-2021-gadu-fetels-rikardo-dziovinaci/
Atcelts Menas salas TT- 6h Spa sacīkstes nenotiks aprīlī- NASCAR turpināsies...,https://f1.lv/2020/03/17/atcelts-menas-salas-tt-6h-spa-sacikstes-nenotiks-aprili-nascar-turpinasies-maija/
IndyCar plāno aizvadīt leģendāro Indy500 sacīksti maijā,https://f1.lv/2020/03/16/indycar-plano-aizvadit-legendaro-indy500-saciksti-maija/
‘Ferrari’ pandēmijas dēļ slēdz savu rūpnīcu Maranello,https://f1.lv/2020/03/15/ferrari-pandemijas-del-sledz-savu-rupnicu-maranello/
Sebastiens Ožjē izcīna sesto uzvaru Meksikas WRC,https://f1.lv/2020/03/15/sebastiens-ozje-izcina-sesto-uzvaru-meksikas-wrc/
Austrālijas GP meklē iespējas noorganizēt sacīkstes vēl šosezon,https://f1.lv/2020/03/14/australijas-gp-mekle-iespejas-noorganizet-sacikstes-vel-sosezon/
Nīderlandes un Spānijas posmu organizatori vēl izvērtē situāciju,https://f1.lv/2020/03/14/niderlandes-un-spanijas-posmu-organizatori-vel-izverte-situaciju/
Debīlisms vispārākajā pakāpē – mantkārīgie centieni noorganizēt Austrālijas GP,https://f1.lv/2020/03/14/debilisms-visparakaja-pakape-mantkarigie-centieni-noorganizet-australijas-gp/
LIVE: Koronavīruss un motorsports – Kas notiek un kas ir atcelts?,https://f1.lv/2020/03/13/koronaviruss-un-motorsports-kas-notiek-un-kas-ir-atcelts/
Pasaules rallijkrosa čempionāta pirmais posms arī pārcelts,https://f1.lv/2020/03/13/pasaules-rallijkrosa-cempionata-pirmais-posms-ari-parcelts/
Oficiāli atcelti arī Bahreinas un Vjetnamas Grand Prix posmi,https://f1.lv/2020/03/13/oficiali-atcelti-ari-bahreinas-un-vjetnamas-grand-prix-posmi/
Formula 1 čempionāta sezona visdrīzāk varētu sākties jūnijā ar Baku sacīksti,https://f1.lv/2020/03/13/formula-1-cempionata-sezona-visdrizak-varetu-sakties-junija-ar-baku-saciksti/
Austrālijas GP oficiāli atceļ- trīs komandas vēlējās startēt,https://f1.lv/2020/03/13/australijas-gp-oficiali-atcel-tris-komandas-velejas-startet/
Austrālijas Grand Prix šonedēļ nenotikšot,https://f1.lv/2020/03/12/australijas-grand-prix-sonedel-nenotiksot/
‘McLaren’ atsauc savu dalību no Austrālijas Grand Prix,https://f1.lv/2020/03/12/mclaren-atsauc-savu-dalibu-no-australijas-grand-prix/
Hamiltons un Raikonens nevēlas braukt- Fetels un Rikjardo atbalsta FIA lēmumu,https://f1.lv/2020/03/12/hamiltons-un-raikonens-nevelas-braukt-fetels-un-rikjardo-atbalsta-fia-lemumu/
Ceturto reizi šogad pārceļ MotoGP sezonas pirmo posmu,https://f1.lv/2020/03/11/ceturto-reizi-sogad-parcel-motogp-sezonas-pirmo-posmu/
Izcilais Kristofersons atgriežas pasaules rallijkrosa čempionātā,https://f1.lv/2020/03/11/izcilais-kristofersons-atgriezas-pasaules-rallijkrosa-cempionata/
‘Renault’ Austrālijā parāda patieso jaunā modeļa krāsojumu,https://f1.lv/2020/03/11/renault-australija-parada-patieso-jauna-modela-krasojumu/
Korona vīruss jau ietekmējis Austrālijas GP un Džakartas E-Prix norisi,https://f1.lv/2020/03/11/korona-viruss-jau-ietekmejis-australijas-gp-un-dzakartas-e-prix-norisi/
Formula E atceļ sacīkstes Indonēzijā- kurām bija jānotiek jūnijā,https://f1.lv/2020/03/11/formula-e-atcel-sacikstes-indonezija-kuram-bija-janotiek-junija/
MotoGP ASV GP posms pārcelts uz sezonas beigām- sezona varētu sākties...,https://f1.lv/2020/03/10/motogp-asv-gp-posms-parcelts-uz-sezonas-beigam-sezona-saksies-argentina/
Bahreinas GP tiks aizvadīts bez skatītājiem,https://f1.lv/2020/03/08/bahreinas-gp-tiks-aizvadits-bez-skatitajiem/
Formula 1 braucēji atkal varēs mainīt ķiveres pēc sirds patikas,https://f1.lv/2020/03/07/formula-1-brauceji-atkal-vares-mainit-kiveres-pec-sirds-patikas/
Pasaules rallijkrosa čempionāta posms Krievijā tomēr nenotiks,https://f1.lv/2020/03/07/pasaules-rallijkrosa-cempionata-posms-krievija-tomer-nenotiks/
Pārcelts arī Romas e-prix,https://f1.lv/2020/03/06/parcelts-ari-romas-e-prix/
Iepazīsti F1 braucējus – Nikolā Latifi,https://f1.lv/2020/03/05/nikola-latifi/
Verstapens izbrauc pa Zandvortas trasi- kas šogad atgriežas F1 kalendārā,https://f1.lv/2020/03/04/verstapens-izbrauc-pa-zandvortas-trasi-kas-sogad-atgriezas-f1-kalendara/
Septiņas F1 komandas publicē vienotu preses relīzi par ‘Ferrari’ dzinēju lietu,https://f1.lv/2020/03/04/septinas-f1-komandas-izlaiz-vienotu-preses-relizi-par-ferrari-dzineju-lietu/
Hansens gatavs aizstāvēt titulu un cīnīties ar Kristofersonu,https://f1.lv/2020/03/03/hansens-gatavs-aizstavet-titulu-un-cinities-ar-kristofersonu/
F1 īsumā: ‘Ferrari’ fokusa maiņa- itāļu problēmas- ‘Williams’ joprojām lēnākie- ‘Racing...,https://f1.lv/2020/03/02/f1-isuma-ferrari-fokusa-maina-italu-problemas-williams-joprojam-lenakie-racing-point-bus-vel-atraki/
Koronavīruss turpina uzdarboties: pārceļ MotoGP Taizemes GP un Superformula sezonas atklāšanu-...,https://f1.lv/2020/03/02/koronaviruss-turpina-uzdarboties-parcel-motogp-taizemes-gp-un-superformula-sezonas-atklasanu-australijas-gp-notiksot/
Atcelts MotoGP sezonas atklāšanas posms Katarā,https://f1.lv/2020/03/01/motogp-atcel-sezonas-atklasanas-posmu-katara/
Verņē karantīna Marokā- F2 braucējs koronavīrusa dēļ netiek uz testiem- DTM...,https://f1.lv/2020/02/29/verne-karantina-maroka-f2-braucejs-koronavirusa-del-netiek-uz-testiem-dtm-atcel-testus-monca/
Statistika – Ko mums pavēstīja F1 pirmssezonas testi?,https://f1.lv/2020/02/29/statistika-ko-mums-pavestija-f1-pirmssezonas-testi/
Da Kosta uzvar Marokā un pārņem vadību Formula E kopvērtējumā,https://f1.lv/2020/02/29/da-kosta-uzvar-maroka-un-parnem-vadibu-formula-e-kopvertejuma/
F1 pirmssezonas testi noslēdzas ar Botasu rezultātu tabulas galvgalī,https://f1.lv/2020/02/28/teksta-tiesraide-no-barselonas-f1-testu-otra-cikla-3-diena/
‘Go Karts’ filmas reklāmklipiņš,https://f1.lv/2020/02/27/go-karts-filmas-reklamklipins/
Priekšpēdējā testu dienā Hamiltonam problēmas ar dzinēju,https://f1.lv/2020/02/27/teksta-tiesraide-no-barselonas-f1-testu-otra-cikla-2-diena/
Barselonas testu otro ciklu ar labāko rezultātu atklāj Kubica,https://f1.lv/2020/02/26/teksta-tiesraide-no-barselonas-f1-testu-otra-cikla-1-diena/
Alonso arī šogad piedalīsies Indy 500 sacīkstēs,https://f1.lv/2020/02/25/alonso-ari-sogad-piedalisies-indy-500-sacikstes/
‘Ferrari’ identificējuši problēmas- izmantos pavēles- bet dos braucējiem vienādas iespējas,https://f1.lv/2020/02/25/ferrari-identificejusi-problemas-izmantos-paveles-bet-dos-braucejiem-vienadas-iespejas/
‘Rebellion Racing’ pieveic ‘Toyota’ ekipāžas 6 stundu sacīkstēs Ostinā,https://f1.lv/2020/02/24/rebellion-racing-pieveic-toyota-ekipazas-6-stundu-sacikstes-ostina/
E-Motorsport 3. posmā uzvaru izcīna Agnis Rozītis,https://f1.lv/2020/02/24/e-motorsport-3-posma-uzvaru-izcina-agnis-rozitis/
Statistika: Barselonas testos ‘Ferrari’ lēnāki par 7 komandām,https://f1.lv/2020/02/22/statistika-barselonas-testos-ferrari-lenaki-par-7-komandam/
Botass noslēdz pirmo testu ciklu ar Barselonas trases rekordu- 4 reizes...,https://f1.lv/2020/02/21/teksta-tiesraide-formula-1-pirmssezonas-testu-3-diena/
Markess pagarina līgumu ar ‘Honda’ uz 4 gadiem- MotoGP sacīkstes būs...,https://f1.lv/2020/02/20/markess-pagarina-ligumu-ar-honda-uz-4-gadiem-motogp-sacikstes-bus-redzamas-ari-latvija/
Raikonens apstājas trasē- taču uzrāda labāko rezultātu otrajā testu dienā,https://f1.lv/2020/02/20/teksta-tiesraide-formula-1-pirmssezonas-testi-2-diena/
Pirmajā F1 testu dienā ‘Mercedes’ ātrākie- ‘Ferrari’ pārspēj tikai divas komandas,https://f1.lv/2020/02/19/teksta-tiesraide-formula-1-pirmssezonas-testi-1-diena/
Imolas trase gatava aizņemt Šanhajas vietu F1 kalendārā,https://f1.lv/2020/02/18/imolas-trase-gatava-aiznemt-sanhajas-vietu-f1-kalendara/
Daytona 500 noslēdzas ar smagu līdera avāriju- traumas neesot dzīvībai bīstamas...,https://f1.lv/2020/02/18/daytona-500-nosledzas-ar-smagu-lidera-avariju-traumas-neesot-dzivibai-bistamas-video/
Par ‘Racing Point F1’ komandas titulsponsoru kļūst BWT kompānija,https://f1.lv/2020/02/17/par-racing-point-f1-komandas-titulsponsoru-klust-bwt-kompanija/
‘Netflix’ atrāda ‘Drive to Survive’ otrās sezonas reklāmklipu,https://f1.lv/2020/02/17/netflix-atrada-drive-to-survive-otras-sezonas-reklamklipu/
‘Williams’ parāda jauno FW43 modeli- kas ieguvis arī sarkanu nokrāsu [Foto],https://f1.lv/2020/02/17/williams-parada-jauno-fw43-modeli-kas-ieguvis-ari-sarkanu-nokrasu-foto/
Evanss dominē saīsinātajā Zviedrijas WRC,https://f1.lv/2020/02/16/evanss-domine-saisinataja-zviedrijas-wrc/
Vai spēks ir bārdā? ‘Mercedes’ atrāda ‘Botasu 3.0’,https://f1.lv/2020/02/16/vai-speks-ir-barda-mercedes-atrada-botasu-3-0/
Drāma Mehiko ePrix netraucē Evansam izcīnīt uzvaru,https://f1.lv/2020/02/16/drama-mehiko-eprix-netrauce-evansam-izcinit-uzvaru/
Leklerks sagaida progresu- ‘Renault’ gaida īsto brīdi- ‘Mercedes’ nav gatavi lielām...,https://f1.lv/2020/02/15/leklerks-sagaida-progresu-renault-gaida-isto-bridi-mercedes-nav-gatavi-lielam-izmainam/
‘Alpha Tauri’ jaunā modeļa prezentācija Zalcburgā [FOTO+VIDEO],https://f1.lv/2020/02/14/alpha-tauri-jauna-modela-prezentacijas-tiesraide/
Sponsori- komandu izveide un unikāla sacensību pieredze digitālā autosporta braucējiem,https://f1.lv/2020/02/14/sponsori-komandu-izveide-un-unikala-sacensibu-pieredze-digitala-autosporta-braucejiem/
‘Alfa Romeo’ izmēģina ‘čūskas ādas’ krāsojuma C39 modeli,https://f1.lv/2020/02/14/alfa-romeo-izmegina-cuskas-adas-krasojuma-c39-modeli/
‘Mercedes’ parāda jauno W11 un aizvada pirmos testus Silverstonā [FOTO+VIDEO],https://f1.lv/2020/02/14/mercedes-parada-jauno-w11-un-aizvadis-pirmos-testus-silverstona/
‘McLaren’ prezentē jauno modeli MCL35 [Foto+Video],https://f1.lv/2020/02/13/mclaren-prezente-jauno-modeli-mcl35/
‘Renault’ prezentācija Parīzē – jaunais modelis vēl nav uzbūvēts,https://f1.lv/2020/02/12/renault/
Korona vīrusa dēļ atcelts Ķīnas GP posms Šanhajā,https://f1.lv/2020/02/12/korona-virusa-del-atcelts-kinas-gp-posms-sanhaja/
‘Red Bull’ parāda jauno modeli- šodien testi Silverstonā [Foto],https://f1.lv/2020/02/12/red-bull-parada-jauno-modeli-sodien-testi-silverstona/
Ferrari prezentējuši jauno modeli SF1000 [Video+Foto],https://f1.lv/2020/02/11/live-ferrari-jauna-modela-prezentacijas-tiesraide/
Dokumentālā īsfilma par ‘Ford vs Ferrari’: 1967.gada sacīkste bija vēl labāka!,https://f1.lv/2020/02/10/dokumentala-isfilma-par-ford-vs-ferrari-1967-gada-sacikste-bija-vel-labaka/
Toto Volfs noraida ‘Mercedes’ aiziešanas iespēju- atrāda 2020.gada krāsojumu,https://f1.lv/2020/02/10/toto-volfs-noraida-mercedes-aiziesanas-iespeju-atrada-2020-gada-krasojumu/
Kvartarāro paliek nepārspēts Sepangas testos- Kračlovs kritizē Honda- Markess krīt,https://f1.lv/2020/02/09/kvartararo-paliek-neparspets-sepangas-testos-kraclovs-kritize-honda-markess-krit/
Rikjardo ASV sarunu šovā stāsta par dziedāšanu pie stūres- braukšanu augšpēdus...,https://f1.lv/2020/02/09/rikjardo-asv-sarunu-sova-stasta-par-dziedasanu-pie-stures-brauksanu-augspedus-un-savu-sapnu-darbu/
Dokumentālā īsfilma par ‘Ford vs Ferrari’ – kā patiesībā viss notika?,https://f1.lv/2020/02/08/dokumentala-isfilma-par-ford-vs-ferrari-ka-patiesiba-viss-notika/
‘McLaren’ startēs IndyCar pilnu sezonu un parāda savu krāsojumu [Foto+Video],https://f1.lv/2020/02/07/mclaren-startes-indycar-pilnu-sezonu-un-parada-savu-krasojumu-fotovideo/
F1 meklē brīvu nedēļas nogali Ķīnas posma rīkošanai vēlāk,https://f1.lv/2020/02/07/f1-mekle-brivu-nedelas-nogali-kinas-posma-rikosanai-velak/
Kvartararo ātrākais MotoGP testu pirmajā dienā,https://f1.lv/2020/02/07/kvartararo-atrakais-motogp-testu-pirmaja-diena/
‘Haas’ kā pirmie parāda jaunās sezonas krāsojumu,https://f1.lv/2020/02/06/haas-ka-pirmie-parada-jaunas-sezonas-krasojumu/
Ralfa Šūmahera dēls šogad brauks F3 čempionātā,https://f1.lv/2020/02/05/ralfa-sumahera-dels-sogad-brauks-f3-cempionata/
Mercedes ‘nelielas tehniskas aizķeršanās’ ar jauno dzinēju,https://f1.lv/2020/02/05/mercedes-nelielas-tehniskas-aizkersanas-ar-jauno-dzineju/
Latvijai labākais RX posms- Abrings pievienojas ‘GCK’- Barikello brauks Argentīnā- WEC...,https://f1.lv/2020/02/04/latvijai-labakais-rx-posms-abrings-pievienojas-gck-barikello-brauks-argentina-wec-lmp1-tikai-3-ekipazas/
‘Honda’ uzliek veto Alonso startam Indy500 ‘Andretti’ komandas sastāvā,https://f1.lv/2020/02/03/honda-uzliek-veto-alonso-startam-indy500-andreti-komandas-sastava/
90 gadu vecumā mūžībā devies izcilais autosportists Arnolds Dambis,https://f1.lv/2020/02/02/90-gadu-vecuma-muziba-devies-izcilais-autosportists-arnolds-dambis/
Formula E sacīkstes Ķīnā atceltas uz nenoteiktu laiku,https://f1.lv/2020/02/02/formula-e-sacikstes-kina-atceltas-uz-nenoteiktu-laiku/
Okons un Rikjardo atrāda ‘Renault’ jauno komandas dizainu,https://f1.lv/2020/02/01/okons-un-rikjardo-atrada-renault-jauno-komandas-dizainu/
Ķenguri uz trases liek apturēt Batērstas 12h brauciena treniņus- smagas avārijas...,https://f1.lv/2020/02/01/kenguri-uz-trases-liek-apturet-baterstas-12h-brauciena-treninus-smagas-avarijas-aizeno-kvalifikaciju/
Ražots Ķīnā – koronavīruss inficē arī autosportu,https://f1.lv/2020/01/31/razots-kina-koronaviruss-infice-ari-autosportu/
‘Racing Point’ 2021.gadā kļūs par ‘Aston Martin’ fabrikas komandu,https://f1.lv/2020/01/31/racing-point-2021-gada-klus-par-aston-martin-fabrikas-komandu/
Pēc gada elektromobiļi un benzīna dzinēju mašīnas World RX startēs vienā...,https://f1.lv/2020/01/29/pec-gada-elektromobili-un-benzina-dzineju-masinas-world-rx-startes-viena-ieskaite/
‘Yamaha’ pagarina līgumu ar Vinjalesu un Rosi vietā nolīgst Kvartarāro,https://f1.lv/2020/01/29/yamaha-pagarina-ligumu-ar-vinjalesu-un-rosi-vieta-noligst-kvartararo/
F1 baumas: Hamiltons prasa superalgu- ‘Ferrari’ gatavo 2 modeļus- ‘Haas’ finansu...,https://f1.lv/2020/01/27/f1-baumas-hamiltons-prasa-superalgu-ferrari-gatavo-2-modelus-haas-finansu-trieciens/
Noivils ar ‘Hyundai’ izcīna uzvaru WRC rallijā Montekarlo,https://f1.lv/2020/01/26/noivils-ar-hyundai-izcina-uzvaru-wrc-rallija-montekarlo/
‘Aston Martin’ pamet DTM- šogad čempionātā startēs tikai ‘BMW’ un ‘Audi’,https://f1.lv/2020/01/25/aston-martin-pamet-dtm-sogad-cempionata-startes-tikai-bmw-un-audi/
‘Alfa Romeo’ jauno modeli prezentēs testos kopā ar Robertu Kubicu,https://f1.lv/2020/01/25/alfa-romeo-jauno-modeli-prezentes-testos-kopa-ar-robertu-kubicu/
Ziņas īsumā: Tanaka avārija- Dakaras upuris- ‘Sarma’ atcelta- V. Grjazins atgriežas...,https://f1.lv/2020/01/24/zinas-isuma-tanaka-avarija-dakaras-upuris-sarma-atcelta-v-grjazins-atgriezas-rallija/
Fotogalerija: Ducati prezentē 2020.gada MotoGP modeli,https://f1.lv/2020/01/23/fotogalerija-ducati-prezente-2020-gada-motogp-modeli/
Divkārtējais čempions Kristofersons plāno atgriezties rallijkrosā,https://f1.lv/2020/01/22/divkartejais-cempions-kristofersons-plano-atgriezties-rallijkrosa/
‘Netflix’ dokumentālā raidījuma ‘Drive to Survive’ 2. sezona būs redzama jau...,https://f1.lv/2020/01/22/netflix-dokumentala-raidijuma-drive-to-survive-2-sezona-bus-redzama-jau-februari/
WRC uzsāk sezonu ar Montekarlo ralliju,https://f1.lv/2020/01/22/wrc-uzsak-sezonu-ar-montekarlo-ralliju/
Ziņas īsumā – Alonso un ‘McLaren’ sadarbības gals- Latifi numurs- F1...,https://f1.lv/2020/01/21/zinas-isuma-alonso-un-mclaren-sadarbibas-gals-latifi-numurs-f1-paliek-bez-komercialas-dalas-vaditaja/
‘Formula 2’ čempionātam pievienojas jauna komanda,https://f1.lv/2020/01/20/formula-2-cempionatam-pievienojas-jauna-komanda/
Reinis Nitišs karjeru turpinās rallijā- nākamgad- iespējams JWRC čempionātā,https://f1.lv/2020/01/20/reinis-nitiss-karjeru-turoinas-rallija-nakamgad-iespejams-jwrc-cempionata/
Valtteri Botass pēc avārijas finišē Top 10 ‘Arctic Lapland’ rallijā,https://f1.lv/2020/01/19/valtteri-botass-pec-avarijas-finise-top-10-arctic-lapland-rallija/
Aizraujošā duelī Gunters pēdējā aplī izrauj savu pirmo Formula E uzvaru,https://f1.lv/2020/01/18/aizraujosa-dueli-gunters-pedeja-apli-izrauj-savu-pirmo-formula-e-uzvaru/
‘Ferrari’ junioru akadēmijai pievienojas Šarla Leklēra jaunākais brālis un kartinga talants...,https://f1.lv/2020/01/18/ferrari-junioru-akademijai-pievienojas-sarla-leklera-jaunakais-bralis-un-kartinga-talants-no-zviedrijas/
Karloss Saincs trešo reizi karjerā uzvar Dakaras rallijā,https://f1.lv/2020/01/17/karloss-saincs-treso-reizi-karjera-uzvar-dakaras-rallija/
‘Mercedes’ jauno modeli izmēģinās un atrādīs Silverstonas trasē,https://f1.lv/2020/01/17/mercedes-jauno-modeli-izmeginas-un-atradis-silverstonas-trase/
Ziņas īsumā – ‘Ferrari’ rājiens Leklerkam- Hamiltons būšot kā mašīna- Alonso...,https://f1.lv/2020/01/16/zinas-isuma-ferrari-rajiens-leklerkam-hamiltons-busot-ka-masina-alonso-doma-par-atgriesanos/
Smagās mašīnas iekrīt smilšu slazdos – Dakar pimspēdējās dienas apskats,https://f1.lv/2020/01/16/smagas-masinas-iekrit-smilsu-slazdos-dakar-pimspedejas-dienas-apskats/
W Series paplašinās un dosies arī pāri okeānam,https://f1.lv/2020/01/16/w-series-paplasinas-un-dosies-ari-pari-okeanam/
Ziņas īsumā – Hamiltona nominācija- Baku ienākumi- ‘Williams’ testpilots,https://f1.lv/2020/01/15/zinas-isuma-hamiltona-nominacija-baku-ienakumi-williams-testpilots/
Alonso uzmet divus kūleņus un turpina – Dakaras 10.posma video apskats,https://f1.lv/2020/01/15/alonso-uzmet-divus-kulenus-un-turpina-dakaras-10-posma-video-apskati/
‘Renault’ paziņo savu jaunā modeļa prezentācijas datumu,https://f1.lv/2020/01/15/renault-pazino-savu-jauna-modela-prezentacijas-datumu/
Dakaras rallijreida 9.posma video: starp līderiem auto klasē 24s!,https://f1.lv/2020/01/14/dakaras-rallijreida-9-posma-video-starp-lideriem-auto-klase-24s/
Estebans Okons piemēra Renault sēdekli,https://f1.lv/2020/01/14/estebans-okons-piemera-renault-sedekli/
Kāpēc jāpiedalās virtuālajās sacīkstēs e-motorsport.lv?,https://f1.lv/2020/01/14/kapec-japiedalas-virtualajas-sacikstes-e-motorsport-lv/
Pirmoreiz vēsturē ‘Oskara’ balvai par labāko filmu izvirzīts stāsts par autosportu,https://f1.lv/2020/01/13/pirmoreiz-vesture-oskara-balvai-par-labako-filmu-izvirzits-stasts-par-autosportu/
Lando Noriss tiešraidē ‘netīšām’ izpauž ‘McLaren’ prezentācijas datumu,https://f1.lv/2020/01/13/lando-noriss-tiesraide-netisam-izpauz-mclaren-prezentacijas-datumu/
Dakara pusceļā – rallijreida 6.dienas apskats,https://f1.lv/2020/01/11/dakara-puscela-rallijreida-6-dienas-apskats/
Ziņas īsumā – pārkarsušās riepas- ‘McLaren’ sponsors- Hamiltona ziedojums,https://f1.lv/2020/01/10/zinas-isuma-parkarsusas-riepas-mclaren-sponsors-hamiltona-ziedojums/
‘Red Bull’ apstiprina igauni Juri Vipu ‘Super Formula’ čempionāta sezonai,https://f1.lv/2020/01/10/red-bull-apstiprina-igauni-juri-vipu-super-formula-cempionata-sezonai/
Konkurenti apstājas palīdzēt kritušajam Sanderlandam; video apskati visām klasēm,https://f1.lv/2020/01/09/konkurenti-apstajas-palidzet-kritusajam-sanderlandam-video-apskati-visam-klasem/
Dakaras rallijreida 4.dienas video apskats,https://f1.lv/2020/01/08/dakaras-rallijreida-4-dienas-video-apskats/
‘Williams’ jau atkal maina sponsorus,https://f1.lv/2020/01/08/williams-jau-atkal-maina-sponsorus/
Trešā diena Dakaras rallijreidā – video apskats,https://f1.lv/2020/01/07/tresa-diena-dakaras-rallijreida-video-apskats/
Alonso Dakarā starp līderiem un cer izcīnīt ‘maģisko’ uzvaru ātrumposmā [Video],https://f1.lv/2020/01/07/alonso-dakara-starp-lideriem-un-cer-izcinit-magisko-uzvaru-atrumposma-video/
Makss Verstapens paliks ‘Red Bull’ vismaz līdz 2023.gadam,https://f1.lv/2020/01/07/makss-verstapens-paliks-red-bull-vismaz-lidz-2023-gadam/
Alonso Dakaras rallijreidā 2.dienā spiests veikt remontdarbus pēc nolauzta riteņa,https://f1.lv/2020/01/06/alonso-dakaras-rallijreida-2-diena-spiests-veikt-remontdarbus-pec-nolauzta-ritena/
Verstapens: Ar ‘Mercedes’ formulu par čempionu kļūtu vairums F1 pilotu,https://f1.lv/2020/01/04/verstapens-ar-mercedes-formulu-par-cempionu-klutu-vairums-f1-pilotu/
Ko autosportisti domā par digitālajām autosporta sacensībām?,https://f1.lv/2020/01/03/ko-autosportisti-doma-par-digitalajam-autosporta-sacensibam/
Kubica pievienojas ‘Alfa Romeo’ komandai,https://f1.lv/2020/01/01/kubica-pievienojas-alfa-romeo-komandai/
